  [
    {
      "name": "James Anonuevo",
      "course": "BSIT",
      "status": "absent",
      "date":"May 21,2017"
    },
    {
      "name": "Jose Mari Malong",
      "course": "BSIT",
      "status": "absent",
      "date":"May 21,2017"
    },
    {
      "name": "Arnaldo Gumpad",
      "course": "BSIT",
      "status": "absent",
      "date":"May 30,2017"
    },
    {
      "name": "Jose Mari Malong",
      "course": "BSIT",
      "status": "absent",
      "date":"May 30,2017"
    }
  ]
