[
    {
      "name": "James Anonuevo",
      "course": "BSIT"
    },
    {
      "name": "Jose Mari Malong",
      "course": "BSIT"
    },
    {
      "name": "Gloridhel Goyo",
      "course": "BSIT"
    },
    {
      "name": "Mark Eslao",
      "course": "BSIT"
    },
    {
      "name": "Allonah Gacutan",
      "course": "BSIT"
    },
    {
      "name": "Christine Cabildo",
      "course": "BSIT"
    },
    {
      "name": "Arnaldo Gumpad",
      "course": "BSIT"
    },
    {
      "name": "Jeromaine Vincent De Los Trinos",
      "course": "BSIT"
    },
    {
      "name": "Jennelyn Ocado",
      "course": "BSIT"
    }
  ]
