[{"name":"James Anonuevo", "email":"anonuevo.james26@gmail.com",
{"name":"Jose Mari Malong", "email":"jm.malong22@gmail.com" },
{"name":"Gloridhel Goyo", "email":"gloridhel.goyo@gmail.com" },
{"name":"Mark Eslao", "email":"marky.eslao11@gmail.com" },
{"name":"Allonah Gacutan", "email":"allonahp.gacutan21@yahoo.com" },
{"name":"Christine Cabildo", "email":"cjoycabildo.08@gmail.com" }
{"name":"Arnaldo Gumpad", "email":"gumpad.arnaldo@gmail.com" }
{"name":"Jeromaine Vincent De Los Trinos", "email":"vincent.delostrinos@gmail.com" }
{"name":"Jennelyn Ocado", "email":"jen.ocado02@gmail.com" }]